from,to,count
navigation,hero_cta,26
product_offers,product_offers,10
hero_cta,content_feature,7
form_contact,footer,6
hero_cta,quick_actions,5
hero_cta,trust_stats,5
news,news,5
trust_stats,footer,4
trust_stats,content_feature,4
content_feature,trust_stats,4
hero_cta,service_categories,4
hero_cta,product_offers,3
product_offers,footer,3
content_feature,business_section,3
quick_actions,content_feature,3
content_feature,service_categories,3
quick_actions,service_categories,3
service_categories,product_offers,3
content_feature,footer,3
trust_stats,news,3
news,footer,3
service_categories,content_feature,3
news,content_feature,3
content_feature,capture_partial,2
capture_partial,footer,2
product_offers,service_categories,2
service_categories,projects,2
online_service,news,2
news,faq_help,2
faq_help,footer,2
product_offers,news,2
news,trust_stats,2
service_categories,app_promo,2
content_feature,projects,2
projects,footer,2
product_offers,content_feature,2
quick_actions,footer,2
navigation,news,2
content_feature,news,2
capture_partial,content_feature,1
quick_actions,product_offers,1
service_categories,trust_stats,1
business_section,service_categories,1
projects,trust_stats,1
content_feature,online_service,1
projects,form_contact,1
hero_cta,business_section,1
business_section,news,1
news,capture_partial,1
trust_stats,service_categories,1
app_promo,quick_actions,1
app_promo,hero_cta,1
hero_cta,footer,1
content_feature,product_offers,1
product_offers,quick_actions,1
content_feature,form_contact,1
content_feature,quick_actions,1
footer,trust_stats,1
service_categories,online_service,1
trust_stats,projects,1
content_feature,content_feature,1
business_section,form_contact,1
hero_cta,online_service,1
online_service,product_offers,1
product_offers,form_contact,1
capture_partial,product_offers,1
service_categories,footer,1
service_categories,business_section,1
business_section,product_offers,1
business_section,quick_actions,1
projects,faq_help,1
faq_help,trust_stats,1
trust_stats,trust_stats,1
news,form_contact,1
trust_stats,product_offers,1
product_offers,capture_partial,1
capture_partial,form_contact,1
